scenario,Coral DevBoard,Nvidia Nano,Intel NUC,Nvidia Xavier NX,RockPi,RPI 3,RPI 4,Nvidia TX2,XeonCpu,XeonGpu,score
cloud_cpu (500 devices),1.0,4.3999999999999995,2.8000000000000003,0.8,2.0,5.4,4.6,1.7999999999999998,69.0,8.200000000000001,5.953
edge_cloudlet (500 devices),1.7999999999999998,9.8,38.800000000000004,3.8,3.2,16.0,14.000000000000002,1.4000000000000001,9.6,1.6,6.927
hybrid_balanced (500 devices),8.0,8.4,14.799999999999999,1.4000000000000001,10.6,21.4,18.6,1.6,9.2,6.0,7.384
